<EXCEL_TEMPLATE_DEFINITIONS>


	<TEMPLATE _NAME="MyBulkUploadSheet" _MULTISHEET="Y">
		<!--<WORKSHEET _NAME="ProcessDetails" _HEADER_PRESENT="TRUE" _SINGLE_ROW="YES" >
			<HEADER _ROW_NO="1" _DATA_START_ROW="2"/>
			<COLUMN _SEQ_NO="1" _COL_NO="1" _COL_HEADER_NAME="ProgramName" _COL_DATA_TYPE="TEXT" _READIABILITY="T"/>
			<COLUMN _SEQ_NO="2" _COL_NO="2" _COL_HEADER_NAME="ProcessName" _COL_DATA_TYPE="TEXT" _READIABILITY="T"/>
			<COLUMN _SEQ_NO ="3"  _COL_NO ="3" _COL_HEADER_NAME="DisplayName" _COL_DATA_TYPE="TEXT" _READIABILITY="T"/>
			
		<COLUMN _SEQ_NO ="4"  _COL_NO ="4" _COL_HEADER_NAME="EffectiveFrom" _COL_DATA_TYPE="DATE" _READIABILITY="T"/>
		<COLUMN _SEQ_NO ="5"  _COL_NO ="5" _COL_HEADER_NAME="EffectiveTo" _COL_DATA_TYPE="DATE" _READIABILITY="T"/>
		--><!--<COLUMN _SEQ_NO ="6"  _COL_NO ="6" _COL_HEADER_NAME="bIsActive" _COL_DATA_TYPE="NUMERIC" _READIABILITY="T"/>--><!--
			<COLUMN _SEQ_NO ="6"  _COL_NO ="6" _COL_HEADER_NAME="CreatedBy" _COL_DATA_TYPE="NUMERIC" _READIABILITY="T"/>
			<COLUMN _SEQ_NO ="7"  _COL_NO ="7" _COL_HEADER_NAME="ModifiedBy" _COL_DATA_TYPE="NUMERIC" _READIABILITY="T"/>
			
			</WORKSHEET>-->
		<!--<WORKSHEET _NAME="ProgramDetails" _HEADER_PRESENT="TRUE" _SINGLE_ROW="YES" >
			<HEADER _ROW_NO="1" _DATA_START_ROW="2"/>
			--><!--<COLUMN _SEQ_NO="1" _COL_NO="1" _COL_HEADER_NAME="ProgramName" _COL_DATA_TYPE="TEXT" _READIABILITY="T"/>
			<COLUMN _SEQ_NO="2" _COL_NO="2" _COL_HEADER_NAME="ProcessId" _COL_DATA_TYPE="NUMERIC" _READIABILITY="T"/>
			<COLUMN  _SEQ_NO ="3" _COL_NO ="3" _COL_HEADER_NAME="UserGroupId" _COL_DATA_TYPE="NUMERIC" _READIABILITY="T"/>
			<COLUMN _SEQ_NO ="4"  _COL_NO ="4" _COL_HEADER_NAME="ProcessId" _COL_DATA_TYPE="System.Int16" _READIABILITY="T"/>
			<COLUMN _SEQ_NO ="5"  _COL_NO ="5" _COL_HEADER_NAME="ProgramId" _COL_DATA_TYPE="System.Int16" _READIABILITY="T"/>
			<COLUMN _SEQ_NO ="6"  _COL_NO ="6" _COL_HEADER_NAME="UserGroupId" _COL_DATA_TYPE="TEXT" _READIABILITY="T"/>
			<COLUMN _SEQ_NO ="4"  _COL_NO ="4" _COL_HEADER_NAME="ContractualSamplingPct" _COL_DATA_TYPE="DECIMAL" _READIABILITY="T"/>
			<COLUMN _SEQ_NO ="8"  _COL_NO ="8" _COL_HEADER_NAME="EffectiveFrom" _COL_DATA_TYPE="DATE" _READIABILITY="T"/>
			<COLUMN _SEQ_NO ="9"  _COL_NO ="9" _COL_HEADER_NAME="EffectiveTo" _COL_DATA_TYPE="DATE" _READIABILITY="T"/>
			<COLUMN _SEQ_NO ="10"  _COL_NO ="10" _COL_HEADER_NAME="IsActive" _COL_DATA_TYPE="BITE" _READIABILITY="T"/>
			<COLUMN _SEQ_NO ="11"  _COL_NO ="11" _COL_HEADER_NAME="CreatedBy" _COL_DATA_TYPE="TEXT" _READIABILITY="T"/>
			<COLUMN _SEQ_NO ="12"  _COL_NO ="12" _COL_HEADER_NAME="ModifiedBy" _COL_DATA_TYPE="TEXT" _READIABILITY="T"/>
			<COLUMN _SEQ_NO ="13"  _COL_NO ="13" _COL_HEADER_NAME="SLALevelID" _COL_DATA_TYPE="TEXT" _READIABILITY="T"/>--><!--
				</WORKSHEET>-->
		
	<WORKSHEET _NAME="Process" _HEADER_PRESENT="TRUE" _SINGLE_ROW="YES" >
			<HEADER _ROW_NO="1" _DATA_START_ROW="2"/>
			<COLUMN _SEQ_NO="1" _COL_NO="1" _COL_HEADER_NAME="ProgramName" _COL_DATA_TYPE="TEXT" _READIABILITY="T"/>
			<COLUMN _SEQ_NO="2" _COL_NO="2" _COL_HEADER_NAME="ProcessName" _COL_DATA_TYPE="TEXT" _READIABILITY="T"/>
			<COLUMN _SEQ_NO ="3"  _COL_NO ="3" _COL_HEADER_NAME="DisplayName" _COL_DATA_TYPE="TEXT" _READIABILITY="T"/>
			
		<COLUMN _SEQ_NO ="4"  _COL_NO ="4" _COL_HEADER_NAME="EffectiveFrom" _COL_DATA_TYPE="DATE" _READIABILITY="T"/>
		<COLUMN _SEQ_NO ="5"  _COL_NO ="5" _COL_HEADER_NAME="EffectiveTo" _COL_DATA_TYPE="DATE" _READIABILITY="T"/>
		<COLUMN _SEQ_NO ="6"  _COL_NO ="6" _COL_HEADER_NAME="bIsActive" _COL_DATA_TYPE="NUMERIC" _READIABILITY="T"/>
			<COLUMN _SEQ_NO ="6"  _COL_NO ="6" _COL_HEADER_NAME="CreatedBy" _COL_DATA_TYPE="NUMERIC" _READIABILITY="T"/>
			<COLUMN _SEQ_NO ="7"  _COL_NO ="7" _COL_HEADER_NAME="ModifiedBy" _COL_DATA_TYPE="NUMERIC" _READIABILITY="T"/>
			
			</WORKSHEET>
	<WORKSHEET _NAME="SubProcess" _HEADER_PRESENT="TRUE" _SINGLE_ROW="YES" >
			<HEADER _ROW_NO="1" _DATA_START_ROW="2"/>
			<COLUMN _SEQ_NO="1" _COL_NO="1" _COL_HEADER_NAME="ProgramName" _COL_DATA_TYPE="TEXT" _READIABILITY="T"/>
			<COLUMN _SEQ_NO="2" _COL_NO="2" _COL_HEADER_NAME="ProcessName" _COL_DATA_TYPE="TEXT" _READIABILITY="T"/>
		<COLUMN _SEQ_NO="3" _COL_NO="3" _COL_HEADER_NAME="SubProcessName" _COL_DATA_TYPE="TEXT" _READIABILITY="T"/>
		<COLUMN  _SEQ_NO ="4" _COL_NO ="4" _COL_HEADER_NAME="GroupIdName" _COL_DATA_TYPE="TEXT" _READIABILITY="T"/>
		<COLUMN _SEQ_NO ="5"  _COL_NO ="5" _COL_HEADER_NAME="dContractualSamplingPct" _COL_DATA_TYPE="DECIMAL" _READIABILITY="T"/>	
		<COLUMN _SEQ_NO ="6"  _COL_NO ="6" _COL_HEADER_NAME="EffectiveFrom" _COL_DATA_TYPE="DATE" _READIABILITY="T"/>
			<COLUMN _SEQ_NO ="7"  _COL_NO ="7" _COL_HEADER_NAME="EffectiveTo" _COL_DATA_TYPE="DATE" _READIABILITY="T"/>
						<COLUMN _SEQ_NO ="8"  _COL_NO ="8" _COL_HEADER_NAME="CreatedBy" _COL_DATA_TYPE="TEXT" _READIABILITY="T"/>
			<COLUMN _SEQ_NO ="9"  _COL_NO ="9" _COL_HEADER_NAME="ModifiedBy" _COL_DATA_TYPE="TEXT" _READIABILITY="T"/>
			<COLUMN _SEQ_NO ="10"  _COL_NO ="10" _COL_HEADER_NAME="SLALevelName" _COL_DATA_TYPE="TEXT" _READIABILITY="T"/>	
		
			
			</WORKSHEET>
	</TEMPLATE>

		<!--<TEMPLATE _NAME="BGVUploadTemplate" _MULTISHEET="Y">
		<WORKSHEET _NAME="Corelogic - ICT" _HEADER_PRESENT="TRUE" _SINGLE_ROW="YES" >
			<HEADER   _ROW_NO ="1"  _DATA_START_ROW="2"/>
			<COLUMN   _SEQ_NO ="1"  _COL_NO = "1"   _COL_HEADER_NAME="EMP ID"               _COL_DATA_TYPE="NUMERIC"  _READIABILITY="T"/>
			<COLUMN   _SEQ_NO ="2"  _COL_NO = "11"   _COL_HEADER_NAME="Primary BGV Status"   _COL_DATA_TYPE="TEXT"     _READIABILITY="T"/>
			<COLUMN   _SEQ_NO ="3"  _COL_NO = "15"   _COL_HEADER_NAME="Secondary BG Status"  _COL_DATA_TYPE="TEXT"     _READIABILITY="F"/>
		</WORKSHEET>

		<WORKSHEET _NAME="Core Logic - New Hire" _HEADER_PRESENT="TRUE" _SINGLE_ROW="YES" >
			<HEADER _ROW_NO="1" _DATA_START_ROW="2"/>
			<COLUMN   _SEQ_NO ="1"  _COL_NO = "2"   _COL_HEADER_NAME="EMP ID"               _COL_DATA_TYPE="NUMERIC"  _READIABILITY="F"/>
			<COLUMN   _SEQ_NO ="2"  _COL_NO = "9"   _COL_HEADER_NAME="Primary BGV Status"   _COL_DATA_TYPE="TEXT"     _READIABILITY="F"/>
			<COLUMN   _SEQ_NO ="3"  _COL_NO = "14"   _COL_HEADER_NAME="Secondary BG Status"  _COL_DATA_TYPE="TEXT"     _READIABILITY="F"/>
		</WORKSHEET>
	</TEMPLATE>


	<TEMPLATE _NAME="NAME1" _MULTISHEET="Y">
		<WORKSHEET _NAME="WS1" _HEADER_PRESENT="TRUE" _SINGLE_ROW="YES" >
			<HEADER _ROW_NO="4" _DATA_START_ROW="5"/>
			<COLUMN _SEQ_NO="1" _COL_NO="1" _COL_HEADER_NAME="EMPLOYEE ID" _COL_DATA_TYPE="NUMERIC" _READIABILITY="F"/>
			<COLUMN  _SEQ_NO ="2" _COL_NO ="2" _COL_HEADER_NAME="JOINING DATE" _COL_DATA_TYPE="DATE" _READIABILITY="F"/>
			<COLUMN _SEQ_NO ="3"  _COL_NO ="6" _COL_HEADER_NAME="EMPLOYEE PAN" _COL_DATA_TYPE="TEXT" _READIABILITY="F"/>
		</WORKSHEET>

		<WORKSHEET _NAME="WS2" _HEADER_PRESENT="TRUE" _SINGLE_ROW="YES" >
			<HEADER _ROW_NO="4" _DATA_START_ROW="5"/>
			<COLUMN _SEQ_NO ="1" _COL_NO ="1" _COL_HEADER_NAME="SL NO" _COL_DATA_TYPE="NUMERIC" _READIABILITY="F"/>
		</WORKSHEET>
	</TEMPLATE>

	<TEMPLATE _NAME="NAME2" _MULTISHEET="N"></TEMPLATE>

	<TEMPLATE _NAME="TUR" _MULTISHEET="Y">
		<WORKSHEET _NAME="Project Hours by Resource" _HEADER_PRESENT="TRUE" _SINGLE_ROW="YES" >
			<HEADER _ROW_NO="3" _DATA_START_ROW="4"/>
			<COLUMN _SEQ_NO="1" _COL_NO="1" _COL_HEADER_NAME="DIVISION" _COL_DATA_TYPE="NUMERIC" _READIABILITY="F"/>
			<COLUMN _SEQ_NO="2" _COL_NO="3" _COL_HEADER_NAME="EMPLOYEE NAME" _COL_DATA_TYPE="DATE" _READIABILITY="F"/>
			<COLUMN _SEQ_NO="3" _COL_NO="8" _COL_HEADER_NAME="PROJECT CODE" _COL_DATA_TYPE="TEXT" _READIABILITY="F"/>
		</WORKSHEET>
		<WORKSHEET _NAME="WS2" _HEADER_PRESENT="TRUE" _SINGLE_ROW="YES" >
			<HEADER _ROW_NO="4" _DATA_START_ROW="5"/>
			<COLUMN _SEQ_NO ="1" _COL_NO ="1" _COL_HEADER_NAME="SL NO" _COL_DATA_TYPE="NUMERIC" _READIABILITY="F"/>
		</WORKSHEET>
	</TEMPLATE>-->



</EXCEL_TEMPLATE_DEFINITIONS>